date	Go	VimL	Objective-C	Perl	Scala	Ruby	C	C++	C#	Swift	Haskell	JavaScript	Emacs Lisp	PHP	Shell	HTML	CoffeeScript	Clojure	Java	CSS	Python
2011-12-29	0.833863	1.580368	6.623253	1.016518	1.056226	19.107370	5.281131	3.899301	2.334816	0.031766	0.595616	23.094028	0.786213	7.663596	2.001271	1.643901	0.937103	1.350064	7.139454	1.540661	11.483482
2012-01-05	0.824564	1.570598	6.667190	1.013036	1.052301	19.019947	5.277211	3.887231	2.340192	0.031412	0.604680	23.079943	0.785299	7.711638	2.002513	1.656981	0.926653	1.350715	7.201194	1.531333	11.465368
2012-01-12	0.862739	1.577802	6.684284	1.002643	1.057050	18.902534	5.269703	3.886212	2.339499	0.031090	0.598477	23.084098	0.777242	7.694699	2.013058	1.671071	0.932691	1.336857	7.243899	1.570030	11.464325
2012-01-19	0.868563	1.583397	6.687164	0.991545	1.060723	18.847041	5.265181	3.873943	2.328978	0.030746	0.591852	23.174481	0.776326	7.701768	1.998463	1.675634	0.945427	1.337433	7.217525	1.575711	11.468101
2012-01-26	0.857295	1.570442	6.721797	0.986268	1.046962	18.716334	5.348608	3.914726	2.321523	0.030347	0.599348	23.222821	0.773841	7.677718	1.995296	1.676656	0.933161	1.327669	7.237691	1.585616	11.455883
2012-02-02	0.860328	1.556071	6.785367	1.002469	1.054837	18.553153	5.334032	3.964988	2.304182	0.029924	0.591008	23.273734	0.763073	7.645695	1.989975	1.705693	0.950101	1.346600	7.234234	1.608439	11.446099
2012-02-09	0.850718	1.568279	6.842728	0.998668	1.050451	18.456872	5.318834	3.942891	2.315431	0.029590	0.584406	23.280071	0.761947	7.656458	1.997337	1.708833	0.969078	1.331558	7.242196	1.627460	11.466193
2012-02-16	0.864596	1.567995	6.902110	0.996483	1.084408	18.376319	5.304807	3.949297	2.322685	0.036635	0.578839	23.300117	0.754689	7.627491	1.978312	1.729191	0.981829	1.340856	7.253810	1.619285	11.430246
2012-02-23	0.882842	1.577538	6.961430	0.984152	1.107171	18.228526	5.333237	3.972791	2.337362	0.036182	0.571677	23.301252	0.752587	7.576525	1.968305	1.722266	0.984152	1.324264	7.221941	1.649902	11.505898
2012-03-01	0.886791	1.573339	6.979904	0.979761	1.108489	18.157763	5.313595	3.976257	2.338554	0.035758	0.572123	23.335479	0.743760	7.566331	1.973825	1.752128	0.986913	1.337338	7.187299	1.659158	11.535436
2012-03-08	0.890334	1.575749	6.946015	0.975127	1.109384	18.167044	5.306670	3.964104	2.331826	0.035331	0.565291	23.360656	0.741945	7.539570	1.971453	1.773601	0.982193	1.335500	7.193330	1.653477	11.581402
2012-03-15	0.893792	1.564137	7.010684	0.970603	1.110258	18.085329	5.320857	3.966203	2.318274	0.041897	0.565603	23.371273	0.747155	7.541373	1.969136	1.787585	0.977585	1.333706	7.213183	1.647930	11.563438
2012-03-22	0.926630	1.555909	7.032709	0.961206	1.127170	18.020884	5.297006	3.996957	2.323491	0.041491	0.567042	23.442362	0.739921	7.523684	1.963903	1.797939	0.995782	1.334624	7.177927	1.659636	11.513727
2012-03-29	0.951013	1.553093	7.067597	0.951013	1.122058	17.939245	5.281883	4.016147	2.333060	0.041051	0.567871	23.446907	0.732074	7.539683	1.970443	1.785714	1.005747	1.340996	7.170224	1.655720	11.528462
2012-04-05	0.946394	1.534510	7.057392	0.946394	1.135672	17.873318	5.272764	4.015413	2.332184	0.040560	0.567836	23.463800	0.723315	7.584668	1.994186	1.777868	1.013993	1.331711	7.185831	1.669709	11.532482
2012-04-12	0.976001	1.544221	7.099405	0.935891	1.129755	17.775252	5.261047	3.977539	2.333044	0.046795	0.568220	23.470820	0.715288	7.587406	1.985427	1.811618	1.016111	1.323618	7.213049	1.691290	11.538204
2012-04-19	0.984018	1.532162	7.066438	0.937789	1.135913	17.679303	5.237089	3.995509	2.344472	0.046229	0.581165	23.550390	0.713248	7.561749	2.014265	1.809536	1.036851	1.314225	7.244750	1.697266	11.517633
2012-04-26	0.993724	1.516736	7.047594	0.928347	1.144090	17.586297	5.249738	4.014121	2.327406	0.045764	0.575314	23.587866	0.712605	7.531381	2.020136	1.837082	1.032950	1.333682	7.256799	1.719404	11.538964
2012-05-03	1.008925	1.506920	7.030138	0.931315	1.151209	17.513905	5.258052	4.016298	2.328289	0.045272	0.575605	23.658000	0.717889	7.528133	2.050188	1.843229	1.047730	1.319364	7.230630	1.720347	11.518562
2012-05-10	1.006346	1.499904	7.018781	0.923018	1.147362	17.434780	5.268893	4.012563	2.326774	0.044869	0.589706	23.684379	0.724313	7.537978	2.044741	1.858855	1.057625	1.326838	7.236716	1.730658	11.524902
2012-05-17	1.002729	1.510440	6.993717	0.913880	1.148696	17.351019	5.280193	3.985530	2.335470	0.044425	0.590214	23.716443	0.717142	7.514121	2.043536	1.872184	1.072539	1.332741	7.291997	1.732563	11.550422
2012-05-24	0.999748	1.502767	7.042254	0.918008	1.144366	17.272384	5.269115	3.986419	2.345322	0.044014	0.584759	23.811620	0.710513	7.494970	2.049799	1.873742	1.062626	1.326710	7.306338	1.741700	11.512827
2012-05-31	1.015323	1.494955	7.051202	0.921889	1.146132	17.185748	5.269715	3.999003	2.335866	0.043603	0.579295	23.832067	0.722561	7.505918	2.074249	1.881151	1.058926	1.326772	7.319048	1.744114	11.492463
2012-06-07	1.012033	1.481024	7.034866	0.913298	1.141623	17.149028	5.263807	3.986424	2.344955	0.043197	0.580068	23.856834	0.715828	7.516199	2.073434	1.900648	1.073743	1.320580	7.324900	1.740204	11.527306
2012-06-14	1.008434	1.466813	7.083486	0.910647	1.130669	17.057817	5.274416	3.972619	2.322454	0.042782	0.574502	23.902946	0.733407	7.523530	2.065762	1.912969	1.081775	1.320132	7.364625	1.754064	11.496150
2012-06-21	1.023994	1.466311	7.113427	0.908871	1.127000	17.020116	5.277508	3.968735	2.320650	0.042414	0.569559	23.963888	0.733156	7.531508	2.060107	1.908628	1.084586	1.320892	7.355793	1.751091	11.451769
2012-06-28	1.040038	1.460863	7.123963	0.901767	1.118192	16.923169	5.272334	3.973789	2.326560	0.042082	0.571119	24.077191	0.733438	7.508717	2.062042	1.911747	1.106168	1.322592	7.352411	1.737405	11.434411
2012-07-05	1.078215	1.453506	7.142432	0.893549	1.108000	16.828498	5.283851	3.973313	2.347054	0.041699	0.565914	24.149640	0.732710	7.487937	2.055162	1.900280	1.096086	1.316495	7.350926	1.757312	11.437422
2012-07-12	1.104092	1.446537	7.161835	0.891539	1.104092	16.732597	5.313810	3.955836	2.338076	0.041330	0.566806	24.201452	0.732125	7.462951	2.060577	1.912972	1.104092	1.316644	7.344866	1.777174	11.430596
2012-07-19	1.099737	1.433168	7.183387	0.883299	1.105586	16.677391	5.329044	3.989471	2.322316	0.040948	0.579117	24.200058	0.725358	7.458321	2.064931	1.906990	1.111436	1.310325	7.323779	1.825095	11.430243
2012-07-26	1.125682	1.427411	7.195079	0.876175	1.114077	16.618313	5.315075	3.992109	2.315191	0.040617	0.586051	24.225368	0.719508	7.467796	2.065684	1.914820	1.114077	1.299756	7.340142	1.839387	11.407682
2012-08-02	1.144336	1.420357	7.193790	0.868315	1.121334	16.515239	5.296147	3.990799	2.346176	0.040253	0.580794	24.295572	0.713053	7.446809	2.070155	1.937895	1.115584	1.288097	7.331800	1.840138	11.443358
2012-08-09	1.144973	1.407007	7.205924	0.865850	1.116491	16.445457	5.331814	4.010253	2.335517	0.039875	0.575335	24.334947	0.706351	7.450869	2.073483	1.948163	1.110795	1.281686	7.336941	1.839932	11.438337
2012-08-16	1.153129	1.413148	7.252275	0.859194	1.119213	16.364253	5.302131	4.018993	2.340173	0.039568	0.576564	24.368323	0.700921	7.472726	2.068849	1.955797	1.107908	1.271833	7.314454	1.854050	11.446498
2012-08-23	1.181279	1.405218	7.233233	0.856567	1.114097	16.280372	5.284962	4.019707	2.334565	0.039189	0.571045	24.448550	0.699810	7.468369	2.077035	1.981861	1.108498	1.265256	7.317210	1.858694	11.454484
2012-08-30	1.193715	1.404697	7.256676	0.855033	1.110433	16.217867	5.274554	4.025318	2.320804	0.038865	0.571873	24.496141	0.694020	7.456554	2.076509	1.998779	1.099328	1.271445	7.317750	1.876631	11.443007
2012-09-06	1.209921	1.391410	7.259528	0.852445	1.105428	16.113953	5.263158	4.003740	2.309850	0.038497	0.566463	24.610900	0.692955	7.485013	2.078865	1.990871	1.094429	1.264918	7.314525	1.897377	11.455755
2012-09-13	1.245493	1.387523	7.243527	0.846717	1.103463	16.049383	5.260570	3.998689	2.316180	0.038239	0.562657	24.664045	0.693762	7.467497	2.086748	1.993882	1.098001	1.256419	7.330930	1.906479	11.449798
2012-09-20	1.257248	1.381889	7.256273	0.845391	1.105511	15.981141	5.262017	4.010188	2.303149	0.037934	0.563594	24.700591	0.688235	7.462201	2.091801	1.999675	1.105511	1.246410	7.332141	1.912968	11.456132
2012-09-27	1.278882	1.386351	7.270285	0.843632	1.112305	15.964535	5.239119	3.997851	2.289092	0.042988	0.558839	24.766255	0.687802	7.479850	2.090274	1.998925	1.117679	1.246642	7.302526	1.912950	11.413219
2012-10-04	1.294550	1.374461	7.287838	0.836397	1.124074	15.896862	5.215492	3.984870	2.296095	0.042619	0.554046	24.804219	0.708540	7.484950	2.093655	2.003090	1.118747	1.246604	7.277183	1.939161	11.416547
2012-10-11	1.305635	1.369066	7.305212	0.829897	1.125912	15.857913	5.233111	3.985622	2.294111	0.042288	0.549741	24.796490	0.713606	7.490221	2.098531	2.013955	1.115340	1.242203	7.262924	1.945237	11.422983
2012-10-18	1.305647	1.363327	7.330502	0.838970	1.132610	15.798857	5.238320	4.000839	2.286194	0.041949	0.550574	24.786325	0.718368	7.472078	2.102669	2.013528	1.106392	1.237481	7.314771	1.950606	11.409994
2012-10-25	1.315174	1.367157	7.386807	0.831731	1.133233	15.709310	5.229506	4.013100	2.287259	0.041587	0.551021	24.775173	0.717368	7.454385	2.089723	2.032541	1.128035	1.242397	7.314030	1.996153	11.384311
2012-11-01	1.325699	1.361807	7.391932	0.825338	1.129681	15.650469	5.209945	4.038997	2.290313	0.041267	0.546786	24.868462	0.717012	7.458991	2.073661	2.042711	1.124523	1.243165	7.304240	2.006603	11.348396
2012-11-08	1.340977	1.351213	7.416317	0.824035	1.126011	15.579896	5.230832	4.043403	2.298086	0.040946	0.542533	24.900194	0.716552	7.436790	2.072884	2.037056	1.120893	1.243730	7.303716	2.016583	11.357355
2012-11-15	1.349706	1.344632	7.428455	0.816927	1.141668	15.501319	5.221230	4.028821	2.283337	0.040593	0.548001	24.979704	0.720520	7.428455	2.065151	2.039781	1.126446	1.233002	7.337122	2.034707	11.330424
2012-11-22	1.349039	1.349039	7.465016	0.820497	1.142656	15.438438	5.209906	4.016913	2.265177	0.040270	0.543642	25.032719	0.714789	7.424746	2.073895	2.038659	1.132588	1.233263	7.349240	2.043693	11.315816
2012-11-29	1.353849	1.353849	7.513613	0.819304	1.139032	15.366938	5.205575	4.016586	2.253085	0.039966	0.544537	25.068692	0.714393	7.423690	2.073238	2.043263	1.144028	1.228955	7.353749	2.063246	11.280412
2012-12-06	1.371084	1.356234	7.508786	0.811761	1.153294	15.309607	5.202198	4.024155	2.271940	0.039598	0.539524	25.115082	0.707816	7.389992	2.073949	2.049201	1.153294	1.222591	7.345444	2.083849	11.270603
2012-12-13	1.390322	1.360845	7.526406	0.805699	1.144682	15.264063	5.183002	4.013756	2.264800	0.039302	0.540408	25.143699	0.717268	7.354458	2.073201	2.068288	1.159420	1.218374	7.349546	2.092852	11.289609
2012-12-20	1.386516	1.352341	7.552605	0.800664	1.157057	15.251672	5.170141	4.017966	2.270175	0.039057	0.537031	25.186740	0.717668	7.318264	2.060245	2.074891	1.176585	1.220524	7.352439	2.094420	11.262999
2012-12-27	1.400194	1.351744	7.606589	0.804264	1.157946	15.188953	5.179264	4.006783	2.277132	0.038760	0.537791	25.227713	0.712209	7.315891	2.054264	2.063953	1.172481	1.216085	7.340116	2.122093	11.225775
2013-01-03	1.403441	1.345766	7.661252	0.802653	1.158320	15.111026	5.161973	4.018072	2.278189	0.038450	0.533500	25.261944	0.711333	7.286360	2.047486	2.061905	1.163126	1.230414	7.348842	2.143612	11.232337
2013-01-10	1.400200	1.333524	7.667762	0.795352	1.162071	15.049769	5.162642	4.010097	2.276516	0.038101	0.528647	25.279802	0.719150	7.329619	2.038386	2.062199	1.157308	1.238272	7.353431	2.157451	11.239701
2013-01-17	1.420347	1.335410	7.696300	0.792752	1.160815	14.982069	5.157607	4.006229	2.283881	0.037750	0.528501	25.278407	0.712533	7.332956	2.043224	2.076255	1.160815	1.236316	7.370706	2.175349	11.211778
2013-01-24	1.427769	1.329464	7.728677	0.791124	1.165621	14.909653	5.139968	3.997753	2.279749	0.037450	0.528977	25.292576	0.720906	7.335455	2.055051	2.092501	1.156259	1.240521	7.396311	2.176762	11.197453
2013-01-31	1.452638	1.331972	7.759781	0.784332	1.160254	14.860537	5.160811	3.972711	2.269457	0.041769	0.524435	25.251775	0.714717	7.342089	2.055971	2.093099	1.155613	1.243793	7.407064	2.195201	11.221980
2013-02-07	1.454345	1.325479	7.773380	0.782401	1.159794	14.768962	5.159242	3.967231	2.268962	0.041421	0.520066	25.303756	0.708763	7.354566	2.057253	2.112482	1.145987	1.233432	7.423601	2.195324	11.243557
2013-02-14	1.470655	1.320402	7.763056	0.774029	1.156490	14.688339	5.163229	3.961207	2.276556	0.045531	0.523608	25.365387	0.714839	7.366935	2.048900	2.117197	1.147384	1.229340	7.448891	2.190047	11.227974
2013-02-21	1.494559	1.313948	7.793381	0.767598	1.151397	14.625006	5.147424	3.946358	2.271188	0.045153	0.528288	25.421050	0.722445	7.337337	2.068000	2.122184	1.151397	1.223642	7.450219	2.226035	11.193390
2013-02-28	1.504635	1.316555	7.832162	0.770230	1.155345	14.558237	5.122923	3.940710	2.274865	0.044781	0.528413	25.417581	0.725449	7.335095	2.073351	2.131566	1.164301	1.226994	7.469437	2.230084	11.177287
2013-03-07	1.527260	1.309714	7.827207	0.763630	1.149885	14.495649	5.118984	3.955781	2.264251	0.044397	0.523886	25.448411	0.723673	7.334399	2.077784	2.139940	1.158764	1.229799	7.494228	2.228734	11.183626
2013-03-14	1.544283	1.319900	7.840204	0.756742	1.152712	14.422104	5.099212	3.959699	2.252629	0.043997	0.527960	25.443266	0.721545	7.356241	2.085442	2.133838	1.161512	1.223107	7.527828	2.243829	11.183950
2013-03-21	1.553568	1.313550	7.837661	0.750600	1.152084	14.366136	5.097098	3.945014	2.243072	0.043640	0.528038	25.468034	0.715688	7.366354	2.077242	2.133973	1.165176	1.213179	7.558368	2.277984	11.193541
2013-03-28	1.574531	1.319318	7.842374	0.744009	1.154944	14.304871	5.069643	3.932001	2.236353	0.043256	0.523402	25.473657	0.722381	7.375205	2.084955	2.123886	1.163595	1.211177	7.561208	2.309888	11.229345
2013-04-04	1.582333	1.316467	7.851630	0.737564	1.153516	14.249571	5.064322	3.949400	2.229846	0.047170	0.527444	25.480274	0.728988	7.358491	2.079760	2.122642	1.166381	1.213551	7.611492	2.319897	11.209262
2013-04-11	1.608237	1.318924	7.836964	0.736045	1.161504	14.193329	5.058713	3.973792	2.220899	0.046801	0.523315	25.468005	0.740300	7.356195	2.076242	2.123043	1.161504	1.216814	7.624234	2.357046	11.198094
2013-04-18	1.610999	1.311572	7.860999	0.729588	1.176619	14.144737	5.035425	3.960020	2.205634	0.046390	0.522942	25.531377	0.742240	7.354926	2.066464	2.125506	1.168185	1.218792	7.624831	2.382760	11.179993
2013-04-25	1.611620	1.301854	7.869731	0.728369	1.167902	14.111097	5.027418	3.968354	2.197664	0.050232	0.531625	25.568253	0.745113	7.367408	2.055339	2.126502	1.159529	1.218134	7.631127	2.386035	11.176692
2013-05-02	1.615985	1.296112	7.917913	0.722832	1.163177	14.049518	5.018278	3.963111	2.193420	0.049850	0.531738	25.573280	0.739448	7.361250	2.052177	2.131107	1.188102	1.217182	7.664506	2.413593	11.137421
2013-05-09	1.644344	1.298166	7.908510	0.717082	1.166289	13.974861	5.019576	3.960437	2.188337	0.049454	0.531630	25.621265	0.737688	7.315063	2.052339	2.138883	1.182774	1.232227	7.690089	2.427365	11.143623
2013-05-16	1.651676	1.295993	7.906787	0.711365	1.165168	13.908422	5.024530	3.953393	2.183156	0.049060	0.527392	25.650041	0.731807	7.318070	2.056419	2.146361	1.181521	1.242845	7.702371	2.432543	11.161079
2013-05-23	1.661386	1.287676	7.888537	0.710862	1.157689	13.851653	5.032903	3.944268	2.173207	0.048745	0.524007	25.684459	0.727110	7.315785	2.047282	2.140710	1.186124	1.234869	7.758551	2.469738	11.154440
2013-05-30	1.678231	1.286913	7.903018	0.705987	1.157818	13.809101	5.022592	3.937389	2.178473	0.048411	0.520413	25.714055	0.726158	7.330160	2.049379	2.138131	1.194126	1.226400	7.761820	2.468937	11.142488
2013-06-06	1.694440	1.281846	7.891364	0.705015	1.173690	13.759814	5.015222	3.929659	2.167121	0.052075	0.516744	25.733056	0.725044	7.334562	2.066976	2.151098	1.189713	1.229771	7.755167	2.487582	11.140042
2013-06-13	1.707667	1.273784	7.913383	0.700581	1.166308	13.725022	5.015524	3.916886	2.169413	0.051747	0.513494	25.782183	0.720484	7.340180	2.061938	2.149510	1.190192	1.226017	7.750179	2.495820	11.129687
2013-06-20	1.714602	1.272124	7.913243	0.703224	1.177307	13.673357	5.001580	3.938843	2.161030	0.055310	0.509640	25.798040	0.719027	7.324589	2.066214	2.153129	1.193110	1.220765	7.759166	2.512642	11.133059
2013-06-27	1.729547	1.270688	7.933956	0.702016	1.172641	13.604989	4.988627	3.961095	2.157032	0.058828	0.505922	25.813789	0.713781	7.329987	2.074673	2.157032	1.192250	1.215782	7.765315	2.529610	11.122441
2013-07-04	1.765050	1.266316	7.940775	0.697448	1.176700	13.555426	4.979544	3.954802	2.150789	0.062342	0.510423	25.840639	0.716930	7.344633	2.072862	2.166374	1.188389	1.215663	7.761543	2.532632	11.100721
2013-07-11	1.787234	1.257253	7.949710	0.696325	1.176015	13.500967	4.982592	3.969052	2.143133	0.061896	0.510638	25.860735	0.715667	7.334623	2.069632	2.193424	1.195358	1.218569	7.760155	2.533849	11.083172
2013-07-18	1.808061	1.251440	7.957774	0.694818	1.178503	13.431862	4.955854	3.984645	2.145873	0.065259	0.514395	25.877159	0.714012	7.332054	2.088292	2.211132	1.197697	1.224568	7.785029	2.533589	11.047985
2013-07-25	1.817835	1.242378	7.953506	0.689787	1.177591	13.380335	4.958079	3.974848	2.141768	0.064787	0.510671	25.967988	0.708841	7.298018	2.092226	2.221799	1.200457	1.230945	7.782012	2.534299	11.051829
2013-08-01	1.854796	1.234007	7.945340	0.688924	1.169657	13.339390	4.939814	3.974563	2.134908	0.064350	0.518586	25.967144	0.711636	7.305625	2.093270	2.233326	1.199939	1.237792	7.782572	2.551291	11.053070
2013-08-08	1.875658	1.244174	7.953691	0.684108	1.172756	13.268681	4.931589	3.973087	2.142535	0.063900	0.514960	25.962261	0.717937	7.295895	2.101188	2.240265	1.214103	1.240415	7.788303	2.563524	11.050970
2013-08-15	1.884188	1.242445	7.965823	0.679054	1.164092	13.219163	4.917543	3.966122	2.137900	0.063428	0.514887	25.983136	0.712633	7.301694	2.134169	2.249832	1.220058	1.238714	7.797926	2.581897	11.025297
2013-08-22	1.909175	1.234476	8.000000	0.678406	1.167748	13.152919	4.915663	3.974050	2.131603	0.063021	0.515292	26.016682	0.711770	7.295644	2.135310	2.250232	1.212234	1.238184	7.792400	2.591288	11.013902
2013-08-29	1.928040	1.231291	8.025511	0.678316	1.168621	13.109194	4.903045	3.974047	2.134484	0.062671	0.512424	26.004571	0.707808	7.288211	2.141857	2.274571	1.209172	1.231291	7.815380	2.595296	11.004203
2013-09-05	1.942032	1.234839	8.042945	0.681543	1.165219	13.051922	4.884394	3.982998	2.128907	0.062292	0.512990	26.012238	0.707193	7.280789	2.154556	2.271811	1.209190	1.223847	7.819428	2.605254	11.025613
2013-09-12	1.950368	1.233535	8.078015	0.676807	1.164399	12.990321	4.865003	3.980787	2.125027	0.061859	0.509424	26.067972	0.705917	7.270213	2.154137	2.292410	1.218980	1.215341	7.805109	2.612619	11.021760
2013-09-19	1.959437	1.236398	8.112505	0.676042	1.164094	12.931564	4.855211	3.965873	2.114891	0.065074	0.506128	26.094501	0.701348	7.255703	2.151043	2.302881	1.229167	1.218322	7.837750	2.624634	10.997433
2013-09-26	1.969381	1.229066	8.139869	0.672033	1.164379	12.876446	4.865953	3.956731	2.109538	0.071875	0.506720	26.101488	0.697190	7.273773	2.152663	2.314382	1.229066	1.214691	7.845181	2.616258	10.993316
2013-10-03	1.971640	1.235847	8.161589	0.671501	1.164410	12.815659	4.879094	3.943280	2.114512	0.075008	0.503625	26.138515	0.692931	7.261492	2.160946	2.321677	1.225131	1.217988	7.861557	2.621709	10.961889
2013-10-10	1.991622	1.231894	8.186595	0.674524	1.157342	12.776910	4.877876	3.940642	2.112326	0.081653	0.500568	26.125391	0.688725	7.242261	2.162028	2.328884	1.228344	1.210594	7.881284	2.648395	10.952144
2013-10-17	2.014678	1.224331	8.213958	0.670383	1.157293	12.726695	4.869099	3.934091	2.113471	0.081152	0.501023	26.141416	0.691553	7.226025	2.173453	2.335756	1.231388	1.213746	7.868181	2.685061	10.927246
2013-10-24	2.029016	1.219512	8.252733	0.672834	1.159938	12.685730	4.857023	3.935380	2.113120	0.080600	0.504626	26.142417	0.690356	7.211943	2.211242	2.344407	1.240538	1.212504	7.846229	2.698346	10.891505
2013-10-31	2.043516	1.218451	8.285466	0.668407	1.159269	12.644038	4.835509	3.937337	2.113142	0.080070	0.501305	26.147955	0.685814	7.188860	2.214099	2.342907	1.246301	1.214970	7.867711	2.718886	10.885988
2013-11-07	2.047876	1.210738	8.322956	0.667635	1.158849	12.588211	4.829113	3.953923	2.117061	0.083022	0.498132	26.148471	0.681472	7.164107	2.231216	2.355749	1.238412	1.217656	7.883631	2.718971	10.882801
2013-11-14	2.083405	1.210163	8.333620	0.663527	1.165469	12.545123	4.816585	3.939904	2.110909	0.082511	0.495067	26.142263	0.684154	7.164713	2.238113	2.372194	1.241104	1.213601	7.903875	2.726304	10.867398
2013-11-21	2.097926	1.206137	8.343869	0.662863	1.171968	12.495302	4.804046	3.936174	2.111593	0.085420	0.495439	26.172823	0.683364	7.165066	2.244849	2.381522	1.257389	1.206137	7.903099	2.726620	10.848396
2013-11-28	2.103725	1.206498	8.360522	0.662724	1.169114	12.452420	4.808999	3.945759	2.113921	0.088363	0.496194	26.192904	0.679717	7.147227	2.243067	2.399402	1.257477	1.206498	7.908510	2.735862	10.821098
2013-12-05	2.128810	1.213084	8.376698	0.658917	1.162398	12.411300	4.805028	3.946746	2.118673	0.087856	0.493343	26.211394	0.679192	7.133203	2.240319	2.402514	1.253632	1.206326	7.930662	2.733662	10.806245
2013-12-12	2.148733	1.208662	8.396844	0.654692	1.158301	12.361927	4.821219	3.948296	2.115159	0.087292	0.490180	26.227967	0.674836	7.147893	2.239382	2.407252	1.248951	1.205305	7.930166	2.753064	10.773879
2013-12-19	2.154381	1.215805	8.423795	0.651324	1.152343	12.318381	4.819800	3.944688	2.117639	0.090183	0.487658	26.256722	0.671365	7.134507	2.237884	2.411570	1.249207	1.215805	7.922776	2.762283	10.761882
2013-12-26	2.164445	1.213552	8.435017	0.648336	1.150381	12.281810	4.807660	3.956512	2.117897	0.089770	0.492070	26.285866	0.671610	7.135020	2.244240	2.413805	1.250125	1.216877	7.913023	2.762909	10.749077
2014-01-02	2.193591	1.222332	8.477040	0.644202	1.149653	12.223323	4.806739	3.951107	2.114305	0.089197	0.488933	26.309878	0.667327	7.129171	2.243145	2.405021	1.245458	1.222332	7.915428	2.778328	10.723489
2014-01-09	2.214567	1.213911	8.480971	0.643045	1.145013	12.168635	4.793307	3.959974	2.122703	0.088583	0.485564	26.322178	0.666010	7.103018	2.257218	2.408136	1.243438	1.236877	7.933071	2.811680	10.702100
2014-01-16	2.232943	1.209375	8.491704	0.638915	1.157219	12.116569	4.791864	3.960622	2.115591	0.091274	0.482446	26.355250	0.661734	7.090002	2.252502	2.412231	1.248492	1.238713	7.944062	2.822962	10.685530
2014-01-23	2.241876	1.201931	8.494509	0.638222	1.156575	12.067904	4.775326	3.978359	2.122007	0.093951	0.479476	26.406842	0.660900	7.081997	2.254835	2.420060	1.253766	1.234328	7.953478	2.821784	10.661872
2014-01-30	2.260142	1.200901	8.512556	0.634256	1.162267	12.012234	4.755312	3.969736	2.124920	0.093368	0.479717	26.458467	0.656793	7.060528	2.256922	2.427560	1.255634	1.233097	7.978107	2.823567	10.643915
2014-02-06	2.285879	1.198887	8.526487	0.629816	1.154129	11.956904	4.760382	3.954730	2.126027	0.095911	0.476358	26.493814	0.652195	7.052655	2.257105	2.436139	1.259631	1.234055	7.967007	2.842162	10.639726
2014-02-13	2.307839	1.195244	8.538369	0.626232	1.153920	11.911120	4.755547	3.948121	2.129824	0.095365	0.473647	26.489287	0.651663	7.041134	2.256978	2.438172	1.265179	1.230212	7.966177	2.864136	10.661835
2014-02-20	2.319702	1.191454	8.536123	0.622590	1.153530	11.908223	4.743695	3.956766	2.126920	0.094811	0.474053	26.509070	0.647873	7.022312	2.253334	2.439795	1.270463	1.232539	7.973579	2.885405	10.637760
2014-02-27	2.329456	1.188306	8.550770	0.625589	1.147438	11.870481	4.731217	3.951588	2.118831	0.097454	0.474693	26.538824	0.644451	7.004087	2.250865	2.442628	1.288903	1.229173	7.984910	2.895316	10.635020
2014-03-06	2.341942	1.185042	8.570446	0.622225	1.153774	11.831655	4.724533	3.952223	2.113689	0.100056	0.472141	26.574323	0.644112	6.997686	2.245013	2.445125	1.303858	1.225689	7.991995	2.898505	10.605966
2014-03-13	2.365999	1.187663	8.590349	0.618704	1.147245	11.786469	4.716453	3.939187	2.129710	0.102599	0.469469	26.576296	0.640468	6.989180	2.244746	2.449944	1.305808	1.218754	8.018281	2.910086	10.592588
2014-03-20	2.364249	1.189851	8.622555	0.615014	1.140402	11.747072	4.725407	3.928053	2.129369	0.105078	0.469759	26.556850	0.642828	6.978397	2.243719	2.460055	1.310381	1.220756	8.029175	2.920543	10.600488
2014-03-27	2.378757	1.183232	8.642203	0.611593	1.134059	11.718606	4.720634	3.933862	2.129817	0.104493	0.479439	26.568935	0.639253	6.951872	2.237384	2.461737	1.312312	1.217039	8.061344	2.913517	10.599914
2014-04-03	2.389391	1.176363	8.680640	0.611098	1.133586	11.671963	4.714617	3.941579	2.132730	0.106942	0.479712	26.549132	0.638597	6.920680	2.239672	2.487167	1.319971	1.216084	8.072598	2.921046	10.596431
2014-04-10	2.398541	1.170391	8.727770	0.607995	1.133911	11.637027	4.705882	3.930689	2.140143	0.106399	0.480316	26.554188	0.638395	6.909865	2.243502	2.492780	1.313269	1.215990	8.077215	2.933577	10.582155
2014-04-17	2.414743	1.165007	8.754199	0.608225	1.137773	11.589554	4.702394	3.930765	2.130299	0.108936	0.484159	26.577299	0.635459	6.905317	2.242261	2.490392	1.316307	1.219475	8.088480	2.929161	10.569795
2014-04-24	2.440421	1.162966	8.782501	0.605586	1.132837	11.566388	4.703082	3.913712	2.127083	0.108463	0.482058	26.585520	0.632702	6.887409	2.232533	2.488626	1.319635	1.214185	8.074478	2.946582	10.593233
2014-05-01	2.455846	1.157456	8.803862	0.602717	1.130469	11.535578	4.689796	3.919158	2.120004	0.107949	0.479775	26.603496	0.629704	6.869771	2.233950	2.491829	1.319380	1.214429	8.093196	2.959609	10.582026
2014-05-08	2.491496	1.151757	8.802292	0.599749	1.124903	11.505639	4.675658	3.914782	2.118518	0.107418	0.480396	26.597840	0.626604	6.856836	2.237871	2.494480	1.327803	1.214418	8.121979	2.968909	10.580653
2014-05-15	2.516993	1.145707	8.836188	0.596598	1.127898	11.463002	4.674839	3.935769	2.113324	0.106853	0.483809	26.579799	0.623312	6.832685	2.243923	2.490279	1.329732	1.216942	8.126799	2.980024	10.575525
2014-05-22	2.529177	1.143448	8.860984	0.593884	1.128675	11.419707	4.671296	3.929679	2.127345	0.106367	0.481607	26.594770	0.620476	6.819323	2.245531	2.487812	1.323681	1.220269	8.131186	2.984193	10.580588
2014-05-29	2.533580	1.140405	8.861652	0.593716	1.122770	11.386415	4.664492	3.938512	2.127972	0.179290	0.482027	26.576140	0.620169	6.798342	2.251418	2.510067	1.322635	1.216824	8.129795	2.997972	10.545807
2014-06-05	2.554883	1.137128	8.866088	0.593411	1.122512	11.336198	4.668362	3.934637	2.122249	0.268935	0.479406	26.531030	0.616797	6.793534	2.242100	2.513958	1.321290	1.213131	8.161595	3.002134	10.520623
2014-06-12	2.565296	1.143040	8.873829	0.590425	1.122680	11.305334	4.653598	3.926473	2.123204	0.314118	0.482811	26.542959	0.613693	6.785527	2.236635	2.515851	1.314641	1.215752	8.169973	2.998662	10.505497
2014-06-19	2.594695	1.138075	8.867138	0.587861	1.117804	11.267810	4.650759	3.921001	2.119773	0.341712	0.483609	26.560871	0.613923	6.761844	2.250087	2.516506	1.308931	1.213367	8.186610	3.000116	10.497510
2014-06-26	2.618993	1.135185	8.868272	0.584880	1.115017	11.219315	4.653106	3.918405	2.109024	0.365910	0.481157	26.570243	0.613691	6.750605	2.250202	2.512389	1.308056	1.215858	8.199839	3.005071	10.504783
2014-07-03	2.637924	1.136690	8.881107	0.582697	1.116597	11.183191	4.638613	3.915265	2.109765	0.387508	0.479362	26.571560	0.611401	6.742637	2.250416	2.511625	1.306045	1.211321	8.215167	3.002469	10.508640
2014-07-10	2.682551	1.137013	8.884699	0.582791	1.114158	11.144441	4.625186	3.902411	2.108330	0.411382	0.479945	26.545538	0.611359	6.724946	2.256885	2.519712	1.305565	1.214147	8.239058	3.008228	10.501657
2014-07-17	2.704624	1.134748	8.895967	0.580172	1.117684	11.108583	4.612934	3.893408	2.107389	0.426597	0.477789	26.548547	0.608612	6.711791	2.263808	2.516922	1.302543	1.217223	8.275980	3.011774	10.482908
2014-07-24	2.718084	1.129704	8.913050	0.577593	1.118378	11.073360	4.609417	3.895920	2.115009	0.430363	0.478496	26.566437	0.605906	6.701775	2.265070	2.519890	1.299584	1.214644	8.298649	3.009711	10.458960
2014-07-31	2.734595	1.126507	8.890954	0.574518	1.115242	11.034133	4.604596	3.886448	2.120649	0.467500	0.475949	26.577109	0.608314	6.685817	2.272727	2.526191	1.301115	1.208178	8.316436	3.024670	10.448350
2014-08-07	2.753631	1.124446	8.891818	0.572037	1.116034	10.994897	4.609949	3.880882	2.128316	0.485110	0.473894	26.580113	0.608491	6.676575	2.265717	2.546128	1.301105	1.202961	8.333801	3.031238	10.422859
2014-08-14	2.766854	1.118456	8.869551	0.568990	1.115667	10.955847	4.596547	3.874153	2.128134	0.510418	0.471369	26.591917	0.605249	6.680055	2.264804	2.552088	1.299752	1.204920	8.370290	3.042981	10.411960
2014-08-21	2.785415	1.113610	8.858896	0.566525	1.113610	10.911161	4.582188	3.882363	2.130023	0.538754	0.474881	26.601683	0.602627	6.667778	2.257769	2.552140	1.296898	1.213585	8.386792	3.063123	10.400178
2014-08-28	2.788922	1.109482	8.845420	0.564425	1.112249	10.887309	4.584567	3.873502	2.127660	0.550591	0.475887	26.616496	0.603160	6.654124	2.257699	2.573112	1.300390	1.214620	8.408267	3.054533	10.397587
2014-09-04	2.795853	1.105658	8.842506	0.562479	1.116687	10.860814	4.579795	3.868424	2.128598	0.576266	0.474247	26.604720	0.601081	6.650491	2.258189	2.569758	1.301423	1.213191	8.439947	3.063306	10.386567
2014-09-11	2.793419	1.101437	8.830719	0.560332	1.112423	10.835828	4.581537	3.875628	2.120471	0.598786	0.472437	26.615761	0.598786	6.633340	2.257808	2.570934	1.301947	1.211306	8.465405	3.079078	10.382619
2014-09-18	2.799748	1.097458	8.820712	0.558308	1.108405	10.807630	4.581406	3.880785	2.115548	0.615780	0.473467	26.620871	0.596623	6.631271	2.266072	2.578067	1.302718	1.206930	8.464928	3.087112	10.386163
2014-09-25	2.798899	1.095577	8.830022	0.555964	1.109203	10.781348	4.570354	3.886300	2.112119	0.624097	0.476930	26.642684	0.594119	6.622517	2.259287	2.575423	1.305426	1.204589	8.473006	3.087782	10.394353
2014-10-02	2.805007	1.091590	8.854916	0.553941	1.113314	10.755696	4.575447	3.885736	2.107150	0.643550	0.475195	26.646211	0.591957	6.614712	2.256497	2.587775	1.300676	1.200206	8.472045	3.087409	10.380970
2014-10-09	2.830877	1.089631	8.841422	0.551575	1.113965	10.734081	4.569420	3.885359	2.108963	0.659727	0.475869	26.667568	0.592132	6.599973	2.257672	2.590239	1.297823	1.195079	8.487225	3.085034	10.366365
2014-10-16	2.849525	1.088098	8.858305	0.552129	1.115031	10.708611	4.567858	3.881063	2.106170	0.673328	0.482103	26.655714	0.592529	6.587842	2.256996	2.593660	1.298177	1.195831	8.502788	3.081150	10.353093
2014-10-23	2.867259	1.083604	8.848537	0.549848	1.123837	10.672424	4.554355	3.881125	2.108199	0.689322	0.480112	26.658262	0.590081	6.568677	2.271813	2.601722	1.292814	1.196256	8.526674	3.092562	10.342515
2014-10-30	2.860501	1.081702	8.872626	0.552870	1.121765	10.656767	4.559173	3.880772	2.101974	0.694426	0.480756	26.647258	0.587591	6.554312	2.270239	2.598755	1.290030	1.199220	8.560135	3.095537	10.333592
2014-11-06	2.872722	1.082591	8.870860	0.550605	1.122490	10.623753	4.561777	3.875515	2.106663	0.715521	0.484107	26.641841	0.587844	6.543423	2.266259	2.612049	1.292725	1.196968	8.567629	3.104136	10.320521
2014-11-13	2.886068	1.081282	8.883471	0.548591	1.126335	10.611401	4.558344	3.863992	2.114860	0.723505	0.487637	26.613309	0.585694	6.535393	2.265921	2.621048	1.290647	1.195240	8.591949	3.103384	10.311929
2014-11-20	2.904444	1.082565	8.863834	0.546564	1.124812	10.588018	4.552056	3.865551	2.112323	0.744594	0.485834	26.631109	0.586170	6.529718	2.262826	2.616640	1.285876	1.190822	8.612996	3.102474	10.310775
2014-11-27	2.931270	1.078834	8.846437	0.544680	1.131460	10.562046	4.552152	3.862751	2.110304	0.765709	0.489422	26.626145	0.584149	6.528260	2.260288	2.615514	1.284075	1.194611	8.628039	3.104936	10.298916
2014-12-04	2.970557	1.074959	8.827771	0.542723	1.130018	10.534595	4.562020	3.861986	2.113212	0.776068	0.490286	26.609161	0.587295	6.523164	2.257413	2.619229	1.279463	1.192942	8.649485	3.099027	10.298629
2014-12-11	2.996578	1.076364	8.838206	0.540795	1.128615	10.507616	4.553648	3.861327	2.110928	0.794211	0.488544	26.598218	0.585208	6.515662	2.259843	2.617760	1.280142	1.191316	8.655328	3.119367	10.280325
2014-12-18	3.005991	1.073196	8.822610	0.539203	1.127898	10.484501	4.548059	3.862985	2.115134	0.810107	0.487106	26.595468	0.583485	6.509508	2.261005	2.636103	1.276374	1.193019	8.674134	3.123209	10.270904
2014-12-25	3.001637	1.070714	8.828192	0.537956	1.130487	10.465449	4.553133	3.856649	2.115440	0.816030	0.485979	26.617116	0.582136	6.497050	2.260974	2.643000	1.276021	1.190260	8.690455	3.123782	10.257543
2015-01-01	3.015544	1.067358	8.826425	0.536269	1.126943	10.443005	4.551813	3.857513	2.124352	0.831606	0.487047	26.598446	0.580311	6.494819	2.259067	2.647668	1.272021	1.194301	8.702073	3.132124	10.251295
2015-01-08	3.038510	1.062705	8.849854	0.533932	1.127189	10.402641	4.544868	3.853594	2.125409	0.848616	0.487503	26.585674	0.577781	6.500039	2.251799	2.643865	1.266476	1.189094	8.728623	3.136527	10.245299
2015-01-15	3.047668	1.061287	8.850058	0.531929	1.128100	10.371322	4.532956	3.854555	2.135423	0.860851	0.490813	26.578440	0.578183	6.488501	2.258769	2.641655	1.264294	1.184633	8.742130	3.150456	10.247976
2015-01-22	3.076608	1.059664	8.840769	0.529832	1.128772	10.343239	4.527887	3.847040	2.134685	0.888172	0.491438	26.581177	0.575904	6.473163	2.262663	2.651719	1.261870	1.182523	8.756303	3.145717	10.240856
2015-01-29	3.108822	1.060927	8.836806	0.527913	1.134886	10.308332	4.529341	3.840759	2.132055	0.900258	0.489659	26.563974	0.576369	6.470123	2.262120	2.654867	1.259851	1.185892	8.780699	3.149626	10.226722
2015-02-05	3.112455	1.056964	8.839372	0.525941	1.135728	10.287616	4.522588	3.828955	2.134255	0.914681	0.490370	26.563850	0.576757	6.461202	2.268916	2.660196	1.262767	1.184003	8.793638	3.153107	10.226638
2015-02-12	3.120409	1.053645	8.831873	0.524290	1.132161	10.275569	4.508384	3.824528	2.132617	0.924472	0.491363	26.591865	0.574946	6.458639	2.266856	2.661973	1.258801	1.180285	8.816676	3.155868	10.214781
2015-02-19	3.140700	1.055316	8.836376	0.522608	1.133581	10.260294	4.501502	3.827413	2.138403	0.939180	0.489788	26.559620	0.573102	6.455604	2.267162	2.658487	1.257290	1.176500	8.826277	3.163422	10.217375
2015-02-26	3.152518	1.051678	8.848689	0.520807	1.137221	10.234992	4.498566	3.826800	2.136064	0.958587	0.490615	26.558647	0.571127	6.448448	2.269411	2.664419	1.252956	1.177477	8.833593	3.167614	10.199769
2015-03-05	3.163304	1.047750	8.843213	0.518862	1.140494	10.199273	4.491791	3.830054	2.133099	0.975060	0.488783	26.574759	0.571500	6.439403	2.265948	2.687054	1.250783	1.173079	8.848227	3.165810	10.191753
2015-03-12	3.168302	1.046114	8.845779	0.516815	1.138491	10.166529	4.494045	3.839912	2.134672	0.993683	0.486855	26.557312	0.571742	6.418995	2.257009	2.696427	1.250843	1.168452	8.875740	3.165805	10.206476
2015-03-19	3.173340	1.042029	8.851032	0.514797	1.136533	10.149217	4.488933	3.847302	2.126337	1.004725	0.484954	26.568018	0.569510	6.406367	2.253171	2.688386	1.248446	1.166377	8.915693	3.170853	10.193982
2015-03-26	3.179048	1.038208	8.863175	0.512909	1.132365	10.124387	4.487338	3.867882	2.123495	1.020863	0.483176	26.559790	0.567422	6.390307	2.252342	2.690916	1.248823	1.162099	8.942465	3.161703	10.191288
2015-04-02	3.192829	1.037114	8.857446	0.511149	1.130948	10.094575	4.486752	3.874361	2.116206	1.054399	0.481517	26.547646	0.565474	6.378250	2.249549	2.696496	1.247006	1.160580	8.953750	3.178013	10.185940
2015-04-09	3.202716	1.033134	8.855435	0.509188	1.133988	10.068138	4.479374	3.876713	2.130224	1.082331	0.479669	26.549086	0.563304	6.370994	2.243377	2.695988	1.242221	1.156126	8.983347	3.170738	10.173911
2015-04-16	3.205395	1.034948	8.855917	0.507664	1.130595	10.045371	4.475782	3.870018	2.136113	1.101165	0.478234	26.545677	0.561619	6.359289	2.241570	2.722256	1.238504	1.155120	8.993256	3.168608	10.172900
2015-04-23	3.212232	1.032416	8.868502	0.506422	1.130275	10.025688	4.469725	3.870336	2.140673	1.118043	0.479511	26.551682	0.560245	6.346177	2.236086	2.718043	1.237920	1.152294	9.020183	3.163303	10.160245
2015-04-30	3.218251	1.029645	8.861779	0.505063	1.127242	10.008540	4.474808	3.872148	2.137367	1.139441	0.480664	26.546297	0.561181	6.343784	2.234964	2.720508	1.237038	1.151641	9.039893	3.162132	10.147615
2015-05-07	3.218587	1.026639	8.860236	0.506021	1.126384	9.991485	4.473908	3.873008	2.140859	1.165308	0.481693	26.541783	0.559543	6.330130	2.235738	2.719864	1.235859	1.148279	9.064591	3.157767	10.142318
2015-05-14	3.225963	1.023576	8.862909	0.504511	1.123023	9.966528	4.477540	3.871156	2.136897	1.200640	0.480256	26.528088	0.557873	6.313670	2.236344	2.719026	1.234598	1.147279	9.083632	3.155622	10.150868
2015-05-21	3.230177	1.023494	8.867865	0.503279	1.120279	9.944591	4.478695	3.866534	2.134095	1.217063	0.481502	26.533427	0.556510	6.305500	2.230879	2.719640	1.231581	1.144475	9.117085	3.150330	10.142999
2015-05-28	3.247756	1.020654	8.869800	0.501882	1.117170	9.916996	4.473506	3.865457	2.137825	1.220925	0.480166	26.524949	0.554966	6.292829	2.229515	2.719332	1.230576	1.141299	9.171412	3.148827	10.134157
2015-06-04	3.265630	1.020359	8.882418	0.502960	1.114213	9.893151	4.478510	3.864851	2.136978	1.236945	0.478895	26.512490	0.555903	6.293016	2.223613	2.716947	1.227319	1.140684	9.183231	3.147711	10.124176
2015-06-11	3.268303	1.019845	8.902647	0.501524	1.111031	9.879298	4.475320	3.861013	2.133276	1.250210	0.477527	26.503971	0.554316	6.277446	2.219663	2.711588	1.223814	1.144626	9.209800	3.148321	10.126461
2015-06-18	3.278453	1.017038	8.914042	0.500144	1.107974	9.859290	4.477362	3.859960	2.132191	1.277879	0.478606	26.490859	0.552790	6.267349	2.218340	2.706519	1.220446	1.141476	9.246674	3.146836	10.105772
2015-06-25	3.279080	1.014271	8.918429	0.498783	1.104959	9.842012	4.474727	3.866164	2.131163	1.310200	0.479691	26.468904	0.553673	6.257458	2.214691	2.708701	1.217126	1.138370	9.269247	3.147821	10.104530
2015-07-02	3.280640	1.014189	8.922960	0.497572	1.104657	9.818113	4.471003	3.863918	2.128369	1.335587	0.478526	26.468908	0.552328	6.254166	2.216456	2.704504	1.214170	1.135606	9.282449	3.142558	10.113323
2015-07-09	3.287880	1.012021	8.922887	0.496508	1.102295	9.808999	4.468570	3.858032	2.130945	1.361239	0.477503	26.474082	0.551147	6.252673	2.214092	2.703473	1.211574	1.133178	9.288735	3.142966	10.101202
2015-07-16	3.296677	1.009622	8.930180	0.495331	1.099682	9.792862	4.462720	3.855998	2.133005	1.369863	0.478741	26.456368	0.552211	6.247334	2.211215	2.704176	1.208703	1.132862	9.328341	3.140257	10.093852
2015-07-23	3.290049	1.007592	8.935878	0.494335	1.099837	9.777904	4.456113	3.852977	2.138177	1.378935	0.477779	26.445753	0.551101	6.237139	2.211500	2.705835	1.208638	1.130585	9.359256	3.145770	10.094846
2015-07-30	3.288635	1.005713	8.940460	0.493413	1.100146	9.759668	4.457245	3.848151	2.134190	1.390528	0.476887	26.441286	0.550073	6.227867	2.209736	2.703149	1.206384	1.128476	9.389017	3.144624	10.104349
2015-08-06	3.293674	1.003652	8.938626	0.492402	1.100247	9.742019	4.455177	3.844976	2.129815	1.401814	0.475910	26.450701	0.548946	6.217458	2.207563	2.699965	1.203911	1.126163	9.423960	3.140535	10.102486
2015-08-13	3.296264	1.001575	8.938942	0.491383	1.097971	9.726565	4.455364	3.839372	2.130111	1.413020	0.474925	26.445348	0.547810	6.216350	2.207698	2.699081	1.201420	1.123833	9.446782	3.141090	10.105095
2015-08-20	3.301809	0.999695	8.938587	0.490461	1.095910	9.712998	4.456387	3.832164	2.126112	1.433835	0.476380	26.433248	0.546781	6.207026	2.208246	2.696360	1.199165	1.121723	9.478328	3.137540	10.107244
2015-08-27	3.302881	1.000234	8.929492	0.491918	1.093933	9.695479	4.457718	3.829937	2.126962	1.447646	0.475521	26.432420	0.545795	6.200515	2.211291	2.693839	1.199344	1.119700	9.510424	3.136566	10.098384
2015-09-03	3.318056	0.998457	8.932329	0.493383	1.091989	9.682926	4.454473	3.825469	2.123182	1.461441	0.474676	26.415844	0.544825	6.191835	2.209699	2.698405	1.197213	1.117710	9.540289	3.135669	10.092129
2015-09-10	3.326486	0.996779	8.926654	0.492553	1.092488	9.671320	4.451655	3.821374	2.121948	1.470657	0.473878	26.413465	0.543910	6.186096	2.208320	2.698539	1.195201	1.115832	9.570942	3.135067	10.086839
2015-09-17	3.323854	0.995292	8.924992	0.491819	1.090858	9.659223	4.447345	3.822666	2.118782	1.484779	0.473171	26.420680	0.543098	6.181530	2.209687	2.699175	1.195748	1.114167	9.579973	3.132721	10.090439
2015-09-24	3.327202	0.994202	8.929195	0.491280	1.089664	9.648653	4.442478	3.825467	2.116464	1.492468	0.474982	26.417379	0.542504	6.177094	2.207269	2.698549	1.194440	1.112948	9.597430	3.133950	10.086382
2015-10-01	3.335659	0.993254	8.929984	0.490812	1.088625	9.639451	4.440568	3.821819	2.114445	1.498023	0.474529	26.410793	0.541987	6.173529	2.209816	2.698302	1.193301	1.111886	9.616190	3.130961	10.086067
2015-10-08	3.338910	0.992146	8.926995	0.490264	1.087411	9.633347	4.437939	3.822204	2.112087	1.510293	0.476323	26.404573	0.541382	6.166643	2.207352	2.697616	1.191970	1.110646	9.642641	3.127469	10.081788
2015-10-15	3.345173	0.991248	8.925877	0.489821	1.086427	9.624626	4.438564	3.818743	2.112496	1.513569	0.475892	26.394596	0.540892	6.168025	2.205353	2.697495	1.190891	1.109641	9.659447	3.124637	10.086589
